date,campaign,adset,ad,spend,reach,impressions,clicks,link_click,purchase,purchase_value,frequency,cpc,cpm,ctr
2026-09-11,구매 전환 캠페인,고성과 소재_스마트스토어_광고 세트,[B68] 골라담기_동조_0908,110,4,4,1,1,0,0,1.0,110,27500,25.0
2026-09-13,구매 전환 캠페인,고성과 소재_스마트스토어_광고 세트,[B68] 골라담기_동조_0908,15,1,3,0,0,0,0,3.0,0,5000,0.0
2026-09-16,구매 전환 캠페인,고성과 소재_스마트스토어_광고 세트,[B68] 골라담기_동조_0908,34,3,3,0,0,0,0,1.0,0,11333,0.0
2026-09-18,구매 전환 캠페인,고성과 소재_스마트스토어_광고 세트,[B68] 골라담기_동조_0908,71,2,2,1,1,0,0,1.0,71,35500,50.0
2026-09-19,구매 전환 캠페인,고성과 소재_스마트스토어_광고 세트,[B68] 골라담기_동조_0908,102,4,4,1,1,0,0,1.0,102,25500,25.0
2026-09-21,구매 전환 캠페인,고성과 소재_스마트스토어_광고 세트,[B68] 골라담기_동조_0908,69,4,4,0,0,0,0,1.0,0,17250,0.0
2026-09-21,구매 전환 캠페인,고성과 소재_스마트스토어_광고 세트,[B72] 마그네슘_융양갱_0921,604,28,29,0,0,0,0,1.036,0,20828,0.0
2026-09-22,구매 전환 캠페인,고성과 소재_스마트스토어_광고 세트,[B72] 마그네슘_융양갱_0921,2119,94,110,1,1,0,0,1.17,2119,19264,0.909
2026-09-23,구매 전환 캠페인,고성과 소재_스마트스토어_광고 세트,[B72] 마그네슘_융양갱_0921,816,39,47,0,0,0,0,1.205,0,17362,0.0
2026-09-24,구매 전환 캠페인,고성과 소재_스마트스토어_광고 세트,[B72] 마그네슘_융양갱_0921,18,2,2,0,0,0,0,1.0,0,9000,0.0
2026-09-27,구매 전환 캠페인,고성과 소재_스마트스토어_광고 세트,[B72] 마그네슘_융양갱_0921,84,7,8,0,0,0,0,1.143,0,10500,0.0
2026-10-02,구매 전환 캠페인,고성과 소재_스마트스토어_광고 세트,[B72] 마그네슘_융양갱_0921,3,1,1,0,0,0,0,1.0,0,3000,0.0
2026-10-04,구매 전환 캠페인,고성과 소재_스마트스토어_광고 세트,[B72] 마그네슘_융양갱_0921,8,1,1,0,0,0,0,1.0,0,8000,0.0
2026-10-05,구매 전환 캠페인,고성과 소재_스마트스토어_광고 세트,[B72] 마그네슘_융양갱_0921,539,20,22,3,2,0,0,1.1,180,24500,13.636
2026-10-06,구매 전환 캠페인,고성과 소재_스마트스토어_광고 세트,[B72] 마그네슘_융양갱_0921,582,13,14,1,1,0,0,1.077,582,41571,7.143
2026-10-07,구매 전환 캠페인,고성과 소재_스마트스토어_광고 세트,[B72] 마그네슘_융양갱_0921,224,9,12,0,0,0,0,1.333,0,18667,0.0
2026-10-08,구매 전환 캠페인,고성과 소재_스마트스토어_광고 세트,[B72] 마그네슘_융양갱_0921,212,3,5,0,0,0,0,1.667,0,42400,0.0
2026-09-11,구매 전환 캠페인,고성과 소재_스마트스토어_광고 세트,[B75] 골라담기_동조_0905,744,26,26,2,2,0,0,1.0,372,28615,7.692
2026-09-12,구매 전환 캠페인,고성과 소재_스마트스토어_광고 세트,[B75] 골라담기_동조_0905,197,8,8,0,0,0,0,1.0,0,24625,0.0
2026-09-13,구매 전환 캠페인,고성과 소재_스마트스토어_광고 세트,[B75] 골라담기_동조_0905,105,2,2,0,0,0,0,1.0,0,52500,0.0
2026-09-16,구매 전환 캠페인,고성과 소재_스마트스토어_광고 세트,[B75] 골라담기_동조_0905,2930,88,93,6,6,1,37810,1.057,488,31505,6.452
2026-09-17,구매 전환 캠페인,고성과 소재_스마트스토어_광고 세트,[B75] 골라담기_동조_0905,4,1,1,0,0,0,0,1.0,0,4000,0.0
2026-09-18,구매 전환 캠페인,고성과 소재_스마트스토어_광고 세트,[B75] 골라담기_동조_0905,540,15,17,0,0,0,0,1.133,0,31765,0.0
2026-09-19,구매 전환 캠페인,고성과 소재_스마트스토어_광고 세트,[B75] 골라담기_동조_0905,3363,111,116,5,4,0,0,1.045,673,28991,4.31
2026-09-21,구매 전환 캠페인,고성과 소재_스마트스토어_광고 세트,[B75] 골라담기_동조_0905,2308,106,110,2,2,0,0,1.038,1154,20982,1.818
2026-09-22,구매 전환 캠페인,고성과 소재_스마트스토어_광고 세트,[B75] 골라담기_동조_0905,346,9,10,0,0,0,0,1.111,0,34600,0.0
2026-09-23,구매 전환 캠페인,고성과 소재_스마트스토어_광고 세트,[B75] 골라담기_동조_0905,6348,207,223,13,13,0,0,1.077,488,28466,5.83
2026-09-24,구매 전환 캠페인,고성과 소재_스마트스토어_광고 세트,[B75] 골라담기_동조_0905,582,25,26,0,0,0,0,1.04,0,22385,0.0
2026-09-25,구매 전환 캠페인,고성과 소재_스마트스토어_광고 세트,[B75] 골라담기_동조_0905,750,29,31,1,1,0,0,1.069,750,24194,3.226
2026-09-26,구매 전환 캠페인,고성과 소재_스마트스토어_광고 세트,[B75] 골라담기_동조_0905,4418,235,252,15,13,0,0,1.072,295,17532,5.952
2026-09-27,구매 전환 캠페인,고성과 소재_스마트스토어_광고 세트,[B75] 골라담기_동조_0905,5258,214,243,4,4,0,0,1.136,1314,21638,1.646
2026-09-28,구매 전환 캠페인,고성과 소재_스마트스토어_광고 세트,[B75] 골라담기_동조_0905,4207,257,282,15,14,0,0,1.097,280,14918,5.319
2026-09-11,구매 전환 캠페인,고성과 소재_스마트스토어_광고 세트,[B76] 마그네슘_이미지A_0909,28552,1550,1729,51,47,5,99500,1.115,560,16514,2.95
2026-09-12,구매 전환 캠페인,고성과 소재_스마트스토어_광고 세트,[B76] 마그네슘_이미지A_0909,38742,1803,1967,76,62,1,19900,1.091,510,19696,3.864
2026-09-13,구매 전환 캠페인,고성과 소재_스마트스토어_광고 세트,[B76] 마그네슘_이미지A_0909,8816,430,465,20,14,0,0,1.081,441,18959,4.301
2026-09-28,구매 전환 캠페인,고성과 소재_스마트스토어_광고 세트,[B76] 마그네슘_이미지A_0909,318,26,27,1,1,0,0,1.038,318,11778,3.704
2026-09-29,구매 전환 캠페인,고성과 소재_스마트스토어_광고 세트,[B76] 마그네슘_이미지A_0909,6477,422,475,15,16,0,0,1.126,432,13636,3.158
2026-09-30,구매 전환 캠페인,고성과 소재_스마트스토어_광고 세트,[B76] 마그네슘_이미지A_0909,3748,298,317,3,3,0,0,1.064,1249,11823,0.946
2026-10-01,구매 전환 캠페인,고성과 소재_스마트스토어_광고 세트,[B76] 마그네슘_이미지A_0909,4141,273,290,4,4,0,0,1.062,1035,14279,1.379
2026-10-02,구매 전환 캠페인,고성과 소재_스마트스토어_광고 세트,[B76] 마그네슘_이미지A_0909,6942,422,454,15,14,0,0,1.076,463,15291,3.304
2026-10-03,구매 전환 캠페인,고성과 소재_스마트스토어_광고 세트,[B76] 마그네슘_이미지A_0909,6883,419,460,18,17,0,0,1.098,382,14963,3.913
2026-10-04,구매 전환 캠페인,고성과 소재_스마트스토어_광고 세트,[B76] 마그네슘_이미지A_0909,12064,832,934,33,30,0,0,1.123,366,12916,3.533
2026-10-05,구매 전환 캠페인,고성과 소재_스마트스토어_광고 세트,[B76] 마그네슘_이미지A_0909,14357,1138,1214,27,25,0,0,1.067,532,11826,2.224
2026-10-06,구매 전환 캠페인,고성과 소재_스마트스토어_광고 세트,[B76] 마그네슘_이미지A_0909,18429,1267,1468,37,35,0,0,1.159,498,12554,2.52
2026-10-07,구매 전환 캠페인,고성과 소재_스마트스토어_광고 세트,[B76] 마그네슘_이미지A_0909,13492,1098,1235,25,24,0,0,1.125,540,10925,2.024
2026-10-08,구매 전환 캠페인,고성과 소재_스마트스토어_광고 세트,[B76] 마그네슘_이미지A_0909,20321,1280,1417,29,28,0,0,1.107,701,14341,2.047
2026-10-09,구매 전환 캠페인,고성과 소재_스마트스토어_광고 세트,[B76] 마그네슘_이미지A_0909,17132,876,984,31,27,0,0,1.123,553,17411,3.15
2026-09-11,구매 전환 캠페인,고성과 소재_스마트스토어_광고 세트,[B76] 마그네슘_이미지B_0909,5796,387,407,13,12,0,0,1.052,446,14241,3.194
2026-09-12,구매 전환 캠페인,고성과 소재_스마트스토어_광고 세트,[B76] 마그네슘_이미지B_0909,1785,99,109,4,4,1,19900,1.101,446,16376,3.67
2026-09-13,구매 전환 캠페인,고성과 소재_스마트스토어_광고 세트,[B76] 마그네슘_이미지B_0909,30,4,4,0,0,0,0,1.0,0,7500,0.0
2026-09-14,구매 전환 캠페인,고성과 소재_스마트스토어_광고 세트,[B76] 마그네슘_이미지B_0909,7913,473,510,12,11,1,19900,1.078,659,15516,2.353
2026-09-15,구매 전환 캠페인,고성과 소재_스마트스토어_광고 세트,[B76] 마그네슘_이미지B_0909,33852,1818,2095,55,50,2,39800,1.152,615,16158,2.625
2026-09-16,구매 전환 캠페인,고성과 소재_스마트스토어_광고 세트,[B76] 마그네슘_이미지B_0909,7836,404,458,18,14,2,39800,1.134,435,17109,3.93
2026-09-17,구매 전환 캠페인,고성과 소재_스마트스토어_광고 세트,[B76] 마그네슘_이미지B_0909,27393,1339,1538,50,44,2,57710,1.149,548,17811,3.251
2026-09-18,구매 전환 캠페인,고성과 소재_스마트스토어_광고 세트,[B76] 마그네슘_이미지B_0909,25262,1043,1207,34,29,2,39800,1.157,743,20930,2.817
2026-09-19,구매 전환 캠페인,고성과 소재_스마트스토어_광고 세트,[B76] 마그네슘_이미지B_0909,18455,763,877,27,25,5,99500,1.149,684,21043,3.079
2026-09-20,구매 전환 캠페인,고성과 소재_스마트스토어_광고 세트,[B76] 마그네슘_이미지B_0909,29869,1432,1543,47,38,4,79600,1.078,636,19358,3.046
2026-09-21,구매 전환 캠페인,고성과 소재_스마트스토어_광고 세트,[B76] 마그네슘_이미지B_0909,22232,1063,1212,33,33,2,39800,1.14,674,18343,2.723
2026-09-22,구매 전환 캠페인,고성과 소재_스마트스토어_광고 세트,[B76] 마그네슘_이미지B_0909,16254,892,953,28,24,0,0,1.068,580,17056,2.938
2026-09-23,구매 전환 캠페인,고성과 소재_스마트스토어_광고 세트,[B76] 마그네슘_이미지B_0909,11748,569,663,23,22,1,19900,1.165,511,17719,3.469
2026-09-24,구매 전환 캠페인,고성과 소재_스마트스토어_광고 세트,[B76] 마그네슘_이미지B_0909,11634,665,742,20,17,1,19900,1.116,582,15679,2.695
2026-09-25,구매 전환 캠페인,고성과 소재_스마트스토어_광고 세트,[B76] 마그네슘_이미지B_0909,10784,575,657,20,20,1,19900,1.143,539,16414,3.044
2026-09-26,구매 전환 캠페인,고성과 소재_스마트스토어_광고 세트,[B76] 마그네슘_이미지B_0909,3794,219,231,6,4,0,0,1.055,632,16424,2.597
2026-09-27,구매 전환 캠페인,고성과 소재_스마트스토어_광고 세트,[B76] 마그네슘_이미지B_0909,3282,216,232,7,5,0,0,1.074,469,14147,3.017
2026-09-28,구매 전환 캠페인,고성과 소재_스마트스토어_광고 세트,[B76] 마그네슘_이미지B_0909,199,14,14,0,0,0,0,1.0,0,14214,0.0
2026-09-14,구매 전환 캠페인,고성과 소재_스마트스토어_광고 세트,[B76] 마그네슘_풀문E_0914,1061,39,40,2,2,0,0,1.026,530,26525,5.0
2026-09-15,구매 전환 캠페인,고성과 소재_스마트스토어_광고 세트,[B76] 마그네슘_풀문E_0914,3920,141,163,8,8,0,0,1.156,490,24049,4.908
2026-09-16,구매 전환 캠페인,고성과 소재_스마트스토어_광고 세트,[B76] 마그네슘_풀문E_0914,19149,822,881,26,22,0,0,1.072,736,21736,2.951
2026-09-17,구매 전환 캠페인,고성과 소재_스마트스토어_광고 세트,[B76] 마그네슘_풀문E_0914,4001,223,239,7,7,1,19900,1.072,572,16741,2.929
2026-09-11,구매 전환 캠페인,리타겟팅_0729,[B40] 허선영_올리브오일D_0823,47589,1240,1490,51,49,4,117500,1.202,933,31939,3.423
2026-09-12,구매 전환 캠페인,리타겟팅_0729,[B40] 허선영_올리브오일D_0823,44695,1184,1390,53,54,0,0,1.174,843,32155,3.813
2026-09-13,구매 전환 캠페인,리타겟팅_0729,[B40] 허선영_올리브오일D_0823,14759,369,408,25,25,0,0,1.106,590,36174,6.127
2026-09-14,구매 전환 캠페인,리타겟팅_0729,[B40] 허선영_올리브오일D_0823,0,0,0,0,0,0,0,0.0,0,0,0
2026-09-11,구매 전환 캠페인,리타겟팅_0729,[B50] 오메가3_하여니_0904,79381,1666,2290,80,74,5,125380,1.375,992,34664,3.493
2026-09-12,구매 전환 캠페인,리타겟팅_0729,[B50] 오메가3_하여니_0904,68860,1311,1739,70,69,6,102290,1.326,984,39597,4.025
2026-09-13,구매 전환 캠페인,리타겟팅_0729,[B50] 오메가3_하여니_0904,25255,499,578,37,35,2,38810,1.158,683,43694,6.401
2026-09-14,구매 전환 캠페인,리타겟팅_0729,[B50] 오메가3_하여니_0904,9515,272,327,13,13,0,0,1.202,732,29098,3.976
2026-09-15,구매 전환 캠페인,리타겟팅_0729,[B50] 오메가3_하여니_0904,25957,600,824,26,23,4,91550,1.373,998,31501,3.155
2026-09-16,구매 전환 캠페인,리타겟팅_0729,[B50] 오메가3_하여니_0904,7510,190,230,17,18,0,0,1.211,442,32652,7.391
2026-09-17,구매 전환 캠페인,리타겟팅_0729,[B50] 오메가3_하여니_0904,11355,277,357,20,19,1,37810,1.289,568,31807,5.602
2026-09-18,구매 전환 캠페인,리타겟팅_0729,[B50] 오메가3_하여니_0904,2533,98,106,5,4,2,39600,1.082,507,23896,4.717
2026-09-19,구매 전환 캠페인,리타겟팅_0729,[B50] 오메가3_하여니_0904,845,41,44,0,0,0,0,1.073,0,19205,0.0
2026-09-20,구매 전환 캠페인,리타겟팅_0729,[B50] 오메가3_하여니_0904,4314,153,171,10,11,0,0,1.118,431,25228,5.848
2026-09-21,구매 전환 캠페인,리타겟팅_0729,[B50] 오메가3_하여니_0904,16,1,1,0,0,0,0,1.0,0,16000,0.0
2026-09-22,구매 전환 캠페인,리타겟팅_0729,[B50] 오메가3_하여니_0904,4992,162,187,10,9,0,0,1.154,499,26695,5.348
2026-09-23,구매 전환 캠페인,리타겟팅_0729,[B50] 오메가3_하여니_0904,6890,208,250,12,11,0,0,1.202,574,27560,4.8
2026-09-24,구매 전환 캠페인,리타겟팅_0729,[B50] 오메가3_하여니_0904,5054,147,170,10,9,1,19900,1.156,505,29729,5.882
2026-09-25,구매 전환 캠페인,리타겟팅_0729,[B50] 오메가3_하여니_0904,8811,295,368,26,24,1,19900,1.247,339,23943,7.065
2026-09-26,구매 전환 캠페인,리타겟팅_0729,[B50] 오메가3_하여니_0904,8238,305,370,23,22,2,75430,1.213,358,22265,6.216
2026-09-27,구매 전환 캠페인,리타겟팅_0729,[B50] 오메가3_하여니_0904,9330,287,342,23,23,6,173130,1.192,406,27281,6.725
2026-09-28,구매 전환 캠페인,리타겟팅_0729,[B50] 오메가3_하여니_0904,4045,155,182,10,8,0,0,1.174,404,22225,5.495
2026-09-29,구매 전환 캠페인,리타겟팅_0729,[B50] 오메가3_하여니_0904,525,26,26,2,2,0,0,1.0,262,20192,7.692
2026-09-30,구매 전환 캠페인,리타겟팅_0729,[B50] 오메가3_하여니_0904,259,9,9,0,0,0,0,1.0,0,28778,0.0
2026-10-01,구매 전환 캠페인,리타겟팅_0729,[B50] 오메가3_하여니_0904,1106,47,48,0,0,1,23940,1.021,0,23042,0.0
2026-10-02,구매 전환 캠페인,리타겟팅_0729,[B50] 오메가3_하여니_0904,743,36,39,7,6,0,0,1.083,106,19051,17.949
2026-10-03,구매 전환 캠페인,리타겟팅_0729,[B50] 오메가3_하여니_0904,5832,195,232,15,14,0,0,1.19,389,25138,6.466
2026-10-04,구매 전환 캠페인,리타겟팅_0729,[B50] 오메가3_하여니_0904,10469,377,464,22,21,0,0,1.231,476,22562,4.741
2026-10-05,구매 전환 캠페인,리타겟팅_0729,[B50] 오메가3_하여니_0904,2655,105,123,16,15,0,0,1.171,166,21585,13.008
2026-10-06,구매 전환 캠페인,리타겟팅_0729,[B50] 오메가3_하여니_0904,3865,142,178,9,8,1,23940,1.254,429,21713,5.056
2026-10-07,구매 전환 캠페인,리타겟팅_0729,[B50] 오메가3_하여니_0904,9902,310,404,21,21,1,43840,1.303,472,24510,5.198
2026-10-08,구매 전환 캠페인,리타겟팅_0729,[B50] 오메가3_하여니_0904,15369,378,538,33,34,1,23940,1.423,466,28567,6.134
2026-10-09,구매 전환 캠페인,리타겟팅_0729,[B50] 오메가3_하여니_0904,11405,317,403,25,25,3,67780,1.271,456,28300,6.203
2026-09-11,구매 전환 캠페인,리타겟팅_0729,[B68] 골라담기_약사들B_0819,41,2,2,0,0,0,0,1.0,0,20500,0.0
2026-09-13,구매 전환 캠페인,리타겟팅_0729,[B68] 골라담기_약사들B_0819,59,2,2,0,0,0,0,1.0,0,29500,0.0
2026-09-14,구매 전환 캠페인,리타겟팅_0729,[B68] 골라담기_약사들B_0819,73,3,3,0,0,0,0,1.0,0,24333,0.0
2026-09-16,구매 전환 캠페인,리타겟팅_0729,[B68] 골라담기_약사들B_0819,49,1,1,0,0,0,0,1.0,0,49000,0.0
2026-09-19,구매 전환 캠페인,리타겟팅_0729,[B68] 골라담기_약사들B_0819,49,1,1,0,0,0,0,1.0,0,49000,0.0
2026-09-21,구매 전환 캠페인,리타겟팅_0729,[B68] 골라담기_약사들B_0819,205,10,10,0,0,0,0,1.0,0,20500,0.0
2026-09-12,구매 전환 캠페인,리타겟팅_0729,[B68] 골라담기_약사들_0813,685,20,20,3,2,0,0,1.0,228,34250,15.0
2026-09-15,구매 전환 캠페인,리타겟팅_0729,[B68] 골라담기_약사들_0813,462,7,7,1,0,0,0,1.0,462,66000,14.286
2026-09-17,구매 전환 캠페인,리타겟팅_0729,[B68] 골라담기_약사들_0813,21,2,2,0,0,0,0,1.0,0,10500,0.0
2026-09-20,구매 전환 캠페인,리타겟팅_0729,[B68] 골라담기_약사들_0813,393,5,6,3,2,0,0,1.2,131,65500,50.0
2026-09-22,구매 전환 캠페인,리타겟팅_0729,[B68] 골라담기_약사들_0813,401,4,6,1,1,0,0,1.5,401,66833,16.667
2026-09-11,구매 전환 캠페인,리타겟팅_0729,[B71] 올리브오일_이벤트E_0904,4188,102,113,7,7,0,0,1.108,598,37062,6.195
2026-09-12,구매 전환 캠페인,리타겟팅_0729,[B71] 올리브오일_이벤트E_0904,11770,237,302,17,17,0,0,1.274,692,38974,5.629
2026-09-13,구매 전환 캠페인,리타겟팅_0729,[B71] 올리브오일_이벤트E_0904,2084,60,62,1,1,0,0,1.033,2084,33613,1.613
2026-09-14,구매 전환 캠페인,리타겟팅_0729,[B71] 올리브오일_이벤트E_0904,1030,32,40,2,2,0,0,1.25,515,25750,5.0
2026-09-15,구매 전환 캠페인,리타겟팅_0729,[B71] 올리브오일_이벤트E_0904,518,16,18,1,1,0,0,1.125,518,28778,5.556
2026-09-17,구매 전환 캠페인,리타겟팅_0729,[B71] 올리브오일_이벤트E_0904,105,3,3,0,0,0,0,1.0,0,35000,0.0
2026-09-18,구매 전환 캠페인,리타겟팅_0729,[B71] 올리브오일_이벤트E_0904,777,24,25,2,3,1,19900,1.042,388,31080,8.0
2026-09-20,구매 전환 캠페인,리타겟팅_0729,[B71] 올리브오일_이벤트E_0904,859,23,30,0,0,0,0,1.304,0,28633,0.0
2026-09-22,구매 전환 캠페인,리타겟팅_0729,[B71] 올리브오일_이벤트E_0904,340,13,17,1,1,0,0,1.308,340,20000,5.882
2026-09-23,구매 전환 캠페인,리타겟팅_0729,[B71] 올리브오일_이벤트E_0904,889,29,37,2,2,0,0,1.276,444,24027,5.405
2026-09-24,구매 전환 캠페인,리타겟팅_0729,[B71] 올리브오일_이벤트E_0904,47,2,4,1,1,0,0,2.0,47,11750,25.0
2026-09-26,구매 전환 캠페인,리타겟팅_0729,[B71] 올리브오일_이벤트E_0904,0,0,0,0,0,1,13385,0.0,0,0,0
2026-09-27,구매 전환 캠페인,리타겟팅_0729,[B71] 올리브오일_이벤트E_0904,34,2,2,0,0,0,0,1.0,0,17000,0.0
2026-09-11,구매 전환 캠페인,리타겟팅_0729,[B75] 골라담기_이벤트이미지A_0819,235,9,10,0,0,0,0,1.111,0,23500,0.0
2026-09-13,구매 전환 캠페인,리타겟팅_0729,[B75] 골라담기_이벤트이미지A_0819,54,4,4,0,0,0,0,1.0,0,13500,0.0
2026-09-14,구매 전환 캠페인,리타겟팅_0729,[B75] 골라담기_이벤트이미지A_0819,35,4,4,0,0,0,0,1.0,0,8750,0.0
2026-09-18,구매 전환 캠페인,리타겟팅_0729,[B75] 골라담기_이벤트이미지A_0819,11,1,1,0,0,0,0,1.0,0,11000,0.0
2026-09-19,구매 전환 캠페인,리타겟팅_0729,[B75] 골라담기_이벤트이미지A_0819,85,3,3,0,0,0,0,1.0,0,28333,0.0
2026-09-21,구매 전환 캠페인,리타겟팅_0729,[B75] 골라담기_이벤트이미지A_0819,49,4,4,1,1,0,0,1.0,49,12250,25.0
2026-09-23,구매 전환 캠페인,리타겟팅_0729,[B75] 골라담기_이벤트이미지A_0819,14,1,1,0,0,0,0,1.0,0,14000,0.0
2026-09-24,구매 전환 캠페인,리타겟팅_0729,[B75] 골라담기_이벤트이미지A_0819,220,2,2,0,0,0,0,1.0,0,110000,0.0
2026-09-14,구매 전환 캠페인,리타겟팅_0729,[B76] 마그네슘_이미지A_0914,22765,966,1181,50,46,8,159200,1.223,455,19276,4.234
2026-09-15,구매 전환 캠페인,리타겟팅_0729,[B76] 마그네슘_이미지A_0914,63269,2146,2805,100,96,9,199000,1.307,633,22556,3.565
2026-09-16,구매 전환 캠페인,리타겟팅_0729,[B76] 마그네슘_이미지A_0914,83239,2825,3642,133,131,5,122610,1.289,626,22855,3.652
2026-09-17,구매 전환 캠페인,리타겟팅_0729,[B76] 마그네슘_이미지A_0914,61497,2134,2599,85,81,7,143290,1.218,723,23662,3.27
2026-09-18,구매 전환 캠페인,리타겟팅_0729,[B76] 마그네슘_이미지A_0914,68326,2266,2898,91,83,5,124550,1.279,751,23577,3.14
2026-09-19,구매 전환 캠페인,리타겟팅_0729,[B76] 마그네슘_이미지A_0914,78810,2491,3142,108,99,3,77610,1.261,730,25083,3.437
2026-09-20,구매 전환 캠페인,리타겟팅_0729,[B76] 마그네슘_이미지A_0914,62474,1992,2522,77,75,7,171140,1.266,811,24772,3.053
2026-09-21,구매 전환 캠페인,리타겟팅_0729,[B76] 마그네슘_이미지A_0914,54134,1735,2250,66,63,4,117410,1.297,820,24060,2.933
2026-09-22,구매 전환 캠페인,리타겟팅_0729,[B76] 마그네슘_이미지A_0914,37963,1326,1733,57,53,5,135320,1.307,666,21906,3.289
2026-09-23,구매 전환 캠페인,리타겟팅_0729,[B76] 마그네슘_이미지A_0914,26273,1005,1282,38,34,1,19900,1.276,691,20494,2.964
2026-09-24,구매 전환 캠페인,리타겟팅_0729,[B76] 마그네슘_이미지A_0914,15413,561,703,26,26,3,59700,1.253,593,21925,3.698
2026-09-25,구매 전환 캠페인,리타겟팅_0729,[B76] 마그네슘_이미지A_0914,4215,178,203,8,8,3,119520,1.14,527,20764,3.941
2026-09-26,구매 전환 캠페인,리타겟팅_0729,[B76] 마그네슘_이미지A_0914,1477,72,82,5,3,2,39800,1.139,295,18012,6.098
2026-09-27,구매 전환 캠페인,리타겟팅_0729,[B76] 마그네슘_이미지A_0914,2401,119,130,7,6,0,0,1.092,343,18469,5.385
2026-09-28,구매 전환 캠페인,리타겟팅_0729,[B76] 마그네슘_이미지A_0914,4056,209,256,9,9,1,23900,1.225,451,15844,3.516
2026-09-29,구매 전환 캠페인,리타겟팅_0729,[B76] 마그네슘_이미지A_0914,6479,315,401,18,16,2,47780,1.273,360,16157,4.489
2026-09-30,구매 전환 캠페인,리타겟팅_0729,[B76] 마그네슘_이미지A_0914,4038,220,253,13,12,1,23890,1.15,311,15960,5.138
2026-10-01,구매 전환 캠페인,리타겟팅_0729,[B76] 마그네슘_이미지A_0914,4088,221,256,14,12,0,0,1.158,292,15969,5.469
2026-10-02,구매 전환 캠페인,리타겟팅_0729,[B76] 마그네슘_이미지A_0914,6663,338,384,18,17,0,0,1.136,370,17352,4.688
2026-10-03,구매 전환 캠페인,리타겟팅_0729,[B76] 마그네슘_이미지A_0914,1800,72,80,2,3,0,0,1.111,900,22500,2.5
2026-10-04,구매 전환 캠페인,리타겟팅_0729,[B76] 마그네슘_이미지A_0914,1023,65,71,1,1,0,0,1.092,1023,14408,1.408
2026-10-05,구매 전환 캠페인,리타겟팅_0729,[B76] 마그네슘_이미지A_0914,12983,669,835,34,34,0,0,1.248,382,15549,4.072
2026-10-06,구매 전환 캠페인,리타겟팅_0729,[B76] 마그네슘_이미지A_0914,13063,596,745,31,26,0,0,1.25,421,17534,4.161
2026-10-07,구매 전환 캠페인,리타겟팅_0729,[B76] 마그네슘_이미지A_0914,5554,315,408,18,18,0,0,1.295,309,13613,4.412
2026-10-08,구매 전환 캠페인,리타겟팅_0729,[B76] 마그네슘_이미지A_0914,5325,216,268,8,8,0,0,1.241,666,19869,2.985
2026-10-09,구매 전환 캠페인,리타겟팅_0729,[B76] 마그네슘_이미지A_0914,5868,210,249,11,10,1,19900,1.186,533,23566,4.418
2026-09-12,구매 전환 캠페인,오메가3 단독_0507,[B46] 오메가3_간호사들b_0819,41,2,2,2,1,0,0,1.0,20,20500,100.0
2026-09-17,구매 전환 캠페인,오메가3 단독_0507,[B46] 오메가3_간호사들b_0819,48,3,3,0,0,0,0,1.0,0,16000,0.0
2026-09-11,구매 전환 캠페인,오메가3 단독_0507,[B50] 오메가3_하여니_0805,13902,704,735,22,19,2,57710,1.044,632,18914,2.993
2026-09-12,구매 전환 캠페인,오메가3 단독_0507,[B50] 오메가3_하여니_0805,12653,559,597,22,20,0,0,1.068,575,21194,3.685
2026-09-13,구매 전환 캠페인,오메가3 단독_0507,[B50] 오메가3_하여니_0805,4322,150,160,6,5,1,19900,1.067,720,27012,3.75
2026-09-14,구매 전환 캠페인,오메가3 단독_0507,[B50] 오메가3_하여니_0805,44,2,2,0,0,0,0,1.0,0,22000,0.0
2026-09-16,구매 전환 캠페인,오메가3 단독_0507,[B50] 오메가3_하여니_0805,80,3,3,0,0,0,0,1.0,0,26667,0.0
2026-09-17,구매 전환 캠페인,오메가3 단독_0507,[B50] 오메가3_하여니_0805,511,13,15,1,1,0,0,1.154,511,34067,6.667
2026-09-18,구매 전환 캠페인,오메가3 단독_0507,[B50] 오메가3_하여니_0805,1533,66,71,1,1,0,0,1.076,1533,21592,1.408
2026-09-20,구매 전환 캠페인,오메가3 단독_0507,[B50] 오메가3_하여니_0805,2220,74,78,2,2,0,0,1.054,1110,28462,2.564
2026-09-28,구매 전환 캠페인,오메가3 단독_0507,[B50] 오메가3_하여니_0805,32,3,3,0,0,0,0,1.0,0,10667,0.0
2026-09-29,구매 전환 캠페인,오메가3 단독_0507,[B50] 오메가3_하여니_0805,4390,189,229,15,15,4,95760,1.212,293,19170,6.55
2026-09-30,구매 전환 캠페인,오메가3 단독_0507,[B50] 오메가3_하여니_0805,2492,115,128,8,9,0,0,1.113,312,19469,6.25
2026-10-01,구매 전환 캠페인,오메가3 단독_0507,[B50] 오메가3_하여니_0805,3657,162,171,6,5,1,21300,1.056,610,21386,3.509
2026-10-02,구매 전환 캠페인,오메가3 단독_0507,[B50] 오메가3_하여니_0805,2221,86,92,2,3,0,0,1.07,1110,24141,2.174
2026-10-03,구매 전환 캠페인,오메가3 단독_0507,[B50] 오메가3_하여니_0805,3,1,1,0,0,0,0,1.0,0,3000,0.0
2026-10-04,구매 전환 캠페인,오메가3 단독_0507,[B50] 오메가3_하여니_0805,2127,67,75,4,4,0,0,1.119,532,28360,5.333
2026-10-05,구매 전환 캠페인,오메가3 단독_0507,[B50] 오메가3_하여니_0805,6648,226,259,12,12,0,0,1.146,554,25668,4.633
2026-10-06,구매 전환 캠페인,오메가3 단독_0507,[B50] 오메가3_하여니_0805,1897,103,111,2,2,0,0,1.078,948,17090,1.802
2026-10-07,구매 전환 캠페인,오메가3 단독_0507,[B50] 오메가3_하여니_0805,1764,71,77,5,5,0,0,1.085,353,22909,6.494
2026-10-08,구매 전환 캠페인,오메가3 단독_0507,[B50] 오메가3_하여니_0805,2952,112,121,6,6,0,0,1.08,492,24397,4.959
2026-10-09,구매 전환 캠페인,오메가3 단독_0507,[B50] 오메가3_하여니_0805,4669,159,169,6,6,1,23940,1.063,778,27627,3.55
2026-09-11,구매 전환 캠페인,오메가3 단독_0507,[B71] 오메가3_지니F_0904,8850,486,522,10,11,0,0,1.074,885,16954,1.916
2026-09-12,구매 전환 캠페인,오메가3 단독_0507,[B71] 오메가3_지니F_0904,14144,819,881,27,25,1,19900,1.076,524,16054,3.065
2026-09-13,구매 전환 캠페인,오메가3 단독_0507,[B71] 오메가3_지니F_0904,3618,206,206,3,2,0,0,1.0,1206,17563,1.456
2026-09-14,구매 전환 캠페인,오메가3 단독_0507,[B71] 오메가3_지니F_0904,410,28,29,1,1,0,0,1.036,410,14138,3.448
2026-09-16,구매 전환 캠페인,오메가3 단독_0507,[B71] 오메가3_지니F_0904,596,41,42,1,1,0,0,1.024,596,14190,2.381
2026-09-18,구매 전환 캠페인,오메가3 단독_0507,[B71] 오메가3_지니F_0904,2324,97,104,5,5,1,19900,1.072,465,22346,4.808
2026-09-20,구매 전환 캠페인,오메가3 단독_0507,[B71] 오메가3_지니F_0904,1007,45,47,3,3,0,0,1.044,336,21426,6.383
2026-09-21,구매 전환 캠페인,오메가3 단독_0507,[B71] 오메가3_지니F_0904,624,45,46,5,5,0,0,1.022,125,13565,10.87
2026-09-23,구매 전환 캠페인,오메가3 단독_0507,[B71] 오메가3_지니F_0904,3187,171,178,7,7,1,59700,1.041,455,17904,3.933
2026-09-24,구매 전환 캠페인,오메가3 단독_0507,[B71] 오메가3_지니F_0904,493,35,41,0,0,0,0,1.171,0,12024,0.0
2026-09-25,구매 전환 캠페인,오메가3 단독_0507,[B71] 오메가3_지니F_0904,503,35,35,1,2,1,37810,1.0,503,14371,2.857
2026-09-11,구매 전환 캠페인,오메가3 단독_0507,[B74] 오메가3_이미지B_0819,23319,1396,1500,48,45,4,97510,1.074,486,15546,3.2
2026-09-12,구매 전환 캠페인,오메가3 단독_0507,[B74] 오메가3_이미지B_0819,34197,1872,2011,71,74,4,98100,1.074,482,17005,3.531
2026-09-13,구매 전환 캠페인,오메가3 단독_0507,[B74] 오메가3_이미지B_0819,4203,296,312,8,8,0,0,1.054,525,13471,2.564
2026-09-14,구매 전환 캠페인,오메가3 단독_0507,[B74] 오메가3_이미지B_0819,10605,619,690,30,31,2,39800,1.115,354,15370,4.348
2026-09-15,구매 전환 캠페인,오메가3 단독_0507,[B74] 오메가3_이미지B_0819,32889,2066,2466,69,66,1,19900,1.194,477,13337,2.798
2026-09-16,구매 전환 캠페인,오메가3 단독_0507,[B74] 오메가3_이미지B_0819,34728,2219,2558,57,54,7,177770,1.153,609,13576,2.228
2026-09-17,구매 전환 캠페인,오메가3 단독_0507,[B74] 오메가3_이미지B_0819,25793,1410,1537,58,55,3,59700,1.09,445,16781,3.774
2026-09-18,구매 전환 캠페인,오메가3 단독_0507,[B74] 오메가3_이미지B_0819,33144,1796,2021,79,71,6,137310,1.125,420,16400,3.909
2026-09-19,구매 전환 캠페인,오메가3 단독_0507,[B74] 오메가3_이미지B_0819,38300,2518,2778,75,68,1,19900,1.103,511,13787,2.7
2026-09-20,구매 전환 캠페인,오메가3 단독_0507,[B74] 오메가3_이미지B_0819,33120,1860,2086,62,60,1,19900,1.122,534,15877,2.972
2026-09-21,구매 전환 캠페인,오메가3 단독_0507,[B74] 오메가3_이미지B_0819,20435,1418,1584,52,49,0,0,1.117,393,12901,3.283
2026-09-23,구매 전환 캠페인,오메가3 단독_0507,[B74] 오메가3_이미지B_0819,0,0,0,0,0,1,19950,0.0,0,0,0
2026-09-21,구매 전환 캠페인,오메가3 단독_0507,[B74] 오메가3_이미지C_0921,2126,144,156,6,5,0,0,1.083,354,13628,3.846
2026-09-22,구매 전환 캠페인,오메가3 단독_0507,[B74] 오메가3_이미지C_0921,17932,990,1133,35,33,0,0,1.144,512,15827,3.089
2026-09-23,구매 전환 캠페인,오메가3 단독_0507,[B74] 오메가3_이미지C_0921,11989,607,705,29,26,0,0,1.161,413,17006,4.113
2026-09-24,구매 전환 캠페인,오메가3 단독_0507,[B74] 오메가3_이미지C_0921,12215,592,675,22,21,2,39800,1.14,555,18096,3.259
2026-09-25,구매 전환 캠페인,오메가3 단독_0507,[B74] 오메가3_이미지C_0921,10964,664,740,22,21,1,19900,1.114,498,14816,2.973
2026-09-26,구매 전환 캠페인,오메가3 단독_0507,[B74] 오메가3_이미지C_0921,7465,471,502,22,21,1,19900,1.066,339,14871,4.382
2026-09-27,구매 전환 캠페인,오메가3 단독_0507,[B74] 오메가3_이미지C_0921,8038,415,454,22,22,0,0,1.094,365,17705,4.846
2026-09-28,구매 전환 캠페인,오메가3 단독_0507,[B74] 오메가3_이미지C_0921,4771,246,286,12,12,0,0,1.163,398,16682,4.196
2026-09-21,구매 전환 캠페인,오메가3 단독_0507,[B74] 오메가3_이미지D_0921,456,39,43,0,0,0,0,1.103,0,10605,0.0
2026-09-22,구매 전환 캠페인,오메가3 단독_0507,[B74] 오메가3_이미지D_0921,1930,116,122,7,6,0,0,1.052,276,15820,5.738
2026-09-23,구매 전환 캠페인,오메가3 단독_0507,[B74] 오메가3_이미지D_0921,1564,103,105,4,4,1,53460,1.019,391,14895,3.81
2026-09-24,구매 전환 캠페인,오메가3 단독_0507,[B74] 오메가3_이미지D_0921,966,64,67,1,1,0,0,1.047,966,14418,1.493
2026-09-25,구매 전환 캠페인,오메가3 단독_0507,[B74] 오메가3_이미지D_0921,1065,80,85,1,1,0,0,1.062,1065,12529,1.176
2026-09-26,구매 전환 캠페인,오메가3 단독_0507,[B74] 오메가3_이미지D_0921,613,43,46,2,1,0,0,1.07,306,13326,4.348
2026-09-27,구매 전환 캠페인,오메가3 단독_0507,[B74] 오메가3_이미지D_0921,532,47,51,3,3,0,0,1.085,177,10431,5.882
2026-09-28,구매 전환 캠페인,오메가3 단독_0507,[B74] 오메가3_이미지D_0921,1022,84,92,2,2,0,0,1.095,511,11109,2.174
2026-09-29,구매 전환 캠페인,오메가3 단독_0507,[B74] 오메가3_이미지D_0921,108,8,9,1,1,0,0,1.125,108,12000,11.111
2026-09-30,구매 전환 캠페인,오메가3 단독_0507,[B74] 오메가3_이미지D_0921,1617,120,122,2,2,0,0,1.017,808,13254,1.639
2026-10-01,구매 전환 캠페인,오메가3 단독_0507,[B74] 오메가3_이미지D_0921,792,51,52,0,0,0,0,1.02,0,15231,0.0
2026-10-02,구매 전환 캠페인,오메가3 단독_0507,[B74] 오메가3_이미지D_0921,6807,445,477,22,20,2,95160,1.072,309,14270,4.612
2026-10-03,구매 전환 캠페인,오메가3 단독_0507,[B74] 오메가3_이미지D_0921,5739,378,400,17,19,0,0,1.058,338,14348,4.25
2026-10-04,구매 전환 캠페인,오메가3 단독_0507,[B74] 오메가3_이미지D_0921,8405,459,516,15,15,0,0,1.124,560,16289,2.907
2026-10-05,구매 전환 캠페인,오메가3 단독_0507,[B74] 오메가3_이미지D_0921,10305,706,759,29,28,0,0,1.075,355,13577,3.821
2026-10-06,구매 전환 캠페인,오메가3 단독_0507,[B74] 오메가3_이미지D_0921,14034,929,1037,25,26,0,0,1.116,561,13533,2.411
2026-10-07,구매 전환 캠페인,오메가3 단독_0507,[B74] 오메가3_이미지D_0921,15800,1081,1244,42,40,1,23890,1.151,376,12701,3.376
2026-10-08,구매 전환 캠페인,오메가3 단독_0507,[B74] 오메가3_이미지D_0921,17012,1031,1162,47,40,1,23890,1.127,362,14640,4.045
2026-10-09,구매 전환 캠페인,오메가3 단독_0507,[B74] 오메가3_이미지D_0921,13391,676,793,32,32,0,0,1.173,418,16887,4.035
2026-09-11,구매 전환 캠페인,올리브오일 단독_0507,[B46] 올리브오일_하여니C_0902,197,9,9,2,2,0,0,1.0,98,21889,22.222
2026-09-12,구매 전환 캠페인,올리브오일 단독_0507,[B46] 올리브오일_하여니C_0902,45,2,2,0,0,0,0,1.0,0,22500,0.0
2026-09-13,구매 전환 캠페인,올리브오일 단독_0507,[B46] 올리브오일_하여니C_0902,56,6,6,0,0,0,0,1.0,0,9333,0.0
2026-09-14,구매 전환 캠페인,올리브오일 단독_0507,[B46] 올리브오일_하여니C_0902,76,2,2,0,0,0,0,1.0,0,38000,0.0
2026-09-16,구매 전환 캠페인,올리브오일 단독_0507,[B46] 올리브오일_하여니C_0902,2283,92,96,3,3,0,0,1.043,761,23781,3.125
2026-09-17,구매 전환 캠페인,올리브오일 단독_0507,[B46] 올리브오일_하여니C_0902,5217,163,169,4,3,0,0,1.037,1304,30870,2.367
2026-09-18,구매 전환 캠페인,올리브오일 단독_0507,[B46] 올리브오일_하여니C_0902,3504,113,115,3,3,0,0,1.018,1168,30470,2.609
2026-09-19,구매 전환 캠페인,올리브오일 단독_0507,[B46] 올리브오일_하여니C_0902,78,3,3,0,0,0,0,1.0,0,26000,0.0
2026-09-20,구매 전환 캠페인,올리브오일 단독_0507,[B46] 올리브오일_하여니C_0902,101,5,5,0,0,0,0,1.0,0,20200,0.0
2026-09-22,구매 전환 캠페인,올리브오일 단독_0507,[B46] 올리브오일_하여니C_0902,65,2,2,0,0,0,0,1.0,0,32500,0.0
2026-09-11,구매 전환 캠페인,올리브오일 단독_0507,[B46] 올리브오일_하여니D_0902,36581,977,1028,31,29,5,99500,1.052,1180,35585,3.016
2026-09-12,구매 전환 캠페인,올리브오일 단독_0507,[B46] 올리브오일_하여니D_0902,35845,943,1063,35,34,1,19900,1.127,1024,33721,3.293
2026-09-13,구매 전환 캠페인,올리브오일 단독_0507,[B46] 올리브오일_하여니D_0902,10945,253,265,9,8,0,0,1.047,1216,41302,3.396
2026-09-14,구매 전환 캠페인,올리브오일 단독_0507,[B46] 올리브오일_하여니D_0902,1078,25,25,1,1,1,37810,1.0,1078,43120,4.0
2026-09-15,구매 전환 캠페인,올리브오일 단독_0507,[B46] 올리브오일_하여니D_0902,16495,506,559,19,19,0,0,1.105,868,29508,3.399
2026-09-16,구매 전환 캠페인,올리브오일 단독_0507,[B46] 올리브오일_하여니D_0902,6243,227,231,3,3,0,0,1.018,2081,27026,1.299
2026-09-17,구매 전환 캠페인,올리브오일 단독_0507,[B46] 올리브오일_하여니D_0902,5136,132,134,5,5,0,0,1.015,1027,38328,3.731
2026-09-18,구매 전환 캠페인,올리브오일 단독_0507,[B46] 올리브오일_하여니D_0902,8528,201,220,7,7,0,0,1.095,1218,38764,3.182
2026-09-11,구매 전환 캠페인,올리브오일 단독_0507,[B46] 올리브오일_허선영D_0908,1821,46,51,2,2,0,0,1.109,910,35706,3.922
2026-09-12,구매 전환 캠페인,올리브오일 단독_0507,[B46] 올리브오일_허선영D_0908,4,2,2,0,0,0,0,1.0,0,2000,0.0
2026-09-16,구매 전환 캠페인,올리브오일 단독_0507,[B46] 올리브오일_허선영D_0908,474,18,18,0,0,0,0,1.0,0,26333,0.0
2026-09-17,구매 전환 캠페인,올리브오일 단독_0507,[B46] 올리브오일_허선영D_0908,667,13,13,1,1,0,0,1.0,667,51308,7.692
2026-09-18,구매 전환 캠페인,올리브오일 단독_0507,[B46] 올리브오일_허선영D_0908,1775,54,56,2,2,0,0,1.037,888,31696,3.571
2026-09-20,구매 전환 캠페인,올리브오일 단독_0507,[B46] 올리브오일_허선영D_0908,76,1,1,0,0,0,0,1.0,0,76000,0.0
2026-09-22,구매 전환 캠페인,올리브오일 단독_0507,[B46] 올리브오일_허선영D_0908,246,3,3,0,0,0,0,1.0,0,82000,0.0
2026-09-14,구매 전환 캠페인,올리브오일 단독_0507,[B71] 올리브오일_이벤트E_0821,11924,411,457,8,8,0,0,1.112,1490,26092,1.751
2026-09-15,구매 전환 캠페인,올리브오일 단독_0507,[B71] 올리브오일_이벤트E_0821,11067,284,322,8,7,0,0,1.134,1383,34370,2.484
2026-09-22,구매 전환 캠페인,올리브오일 단독_0507,[B74] 올리브오일_이미지C_0922,6422,166,180,8,7,1,37810,1.084,803,35678,4.444
2026-09-23,구매 전환 캠페인,올리브오일 단독_0507,[B74] 올리브오일_이미지C_0922,13145,465,513,21,18,0,0,1.103,626,25624,4.094
2026-09-24,구매 전환 캠페인,올리브오일 단독_0507,[B74] 올리브오일_이미지C_0922,10093,336,382,17,17,2,39800,1.137,594,26421,4.45
2026-09-25,구매 전환 캠페인,올리브오일 단독_0507,[B74] 올리브오일_이미지C_0922,10532,440,487,21,21,1,19900,1.107,502,21626,4.312
2026-09-26,구매 전환 캠페인,올리브오일 단독_0507,[B74] 올리브오일_이미지C_0922,7704,336,358,18,15,1,39800,1.065,428,21520,5.028
2026-09-27,구매 전환 캠페인,올리브오일 단독_0507,[B74] 올리브오일_이미지C_0922,6556,303,338,13,13,1,19900,1.116,504,19396,3.846
2026-09-28,구매 전환 캠페인,올리브오일 단독_0507,[B74] 올리브오일_이미지C_0922,6361,324,365,7,7,1,23940,1.127,909,17427,1.918
2026-09-29,구매 전환 캠페인,올리브오일 단독_0507,[B74] 올리브오일_이미지C_0922,5252,306,334,15,15,3,119700,1.092,350,15725,4.491
2026-09-30,구매 전환 캠페인,올리브오일 단독_0507,[B74] 올리브오일_이미지C_0922,4430,231,242,9,8,0,0,1.048,492,18306,3.719
2026-10-01,구매 전환 캠페인,올리브오일 단독_0507,[B74] 올리브오일_이미지C_0922,4442,285,312,7,6,0,0,1.095,635,14237,2.244
2026-10-02,구매 전환 캠페인,올리브오일 단독_0507,[B74] 올리브오일_이미지C_0922,6529,360,402,13,11,0,0,1.117,502,16241,3.234
2026-10-03,구매 전환 캠페인,올리브오일 단독_0507,[B74] 올리브오일_이미지C_0922,2634,123,127,0,0,0,0,1.033,0,20740,0.0
2026-10-04,구매 전환 캠페인,올리브오일 단독_0507,[B74] 올리브오일_이미지C_0922,2580,137,138,5,4,0,0,1.007,516,18696,3.623
2026-10-05,구매 전환 캠페인,올리브오일 단독_0507,[B74] 올리브오일_이미지C_0922,12823,604,685,29,28,0,0,1.134,442,18720,4.234
2026-10-06,구매 전환 캠페인,올리브오일 단독_0507,[B74] 올리브오일_이미지C_0922,15039,743,822,22,21,0,0,1.106,684,18296,2.676
2026-10-07,구매 전환 캠페인,올리브오일 단독_0507,[B74] 올리브오일_이미지C_0922,14744,733,843,21,19,3,67780,1.15,702,17490,2.491
2026-10-08,구매 전환 캠페인,올리브오일 단독_0507,[B74] 올리브오일_이미지C_0922,20765,801,899,17,17,0,0,1.122,1221,23098,1.891
2026-10-09,구매 전환 캠페인,올리브오일 단독_0507,[B74] 올리브오일_이미지C_0922,15900,529,613,12,10,0,0,1.159,1325,25938,1.958
2026-09-22,구매 전환 캠페인,올리브오일 단독_0507,[B74] 올리브오일_이미지D_0922,587,33,33,1,1,0,0,1.0,587,17788,3.03
2026-09-23,구매 전환 캠페인,올리브오일 단독_0507,[B74] 올리브오일_이미지D_0922,289,8,10,1,1,0,0,1.25,289,28900,10.0
2026-09-24,구매 전환 캠페인,올리브오일 단독_0507,[B74] 올리브오일_이미지D_0922,165,4,4,0,0,0,0,1.0,0,41250,0.0
2026-09-25,구매 전환 캠페인,올리브오일 단독_0507,[B74] 올리브오일_이미지D_0922,68,1,1,0,0,0,0,1.0,0,68000,0.0
2026-09-27,구매 전환 캠페인,올리브오일 단독_0507,[B74] 올리브오일_이미지D_0922,985,39,42,5,5,0,0,1.077,197,23452,11.905
2026-09-28,구매 전환 캠페인,올리브오일 단독_0507,[B74] 올리브오일_이미지D_0922,489,29,34,1,1,0,0,1.172,489,14382,2.941
2026-09-29,구매 전환 캠페인,올리브오일 단독_0507,[B74] 올리브오일_이미지D_0922,286,15,15,1,1,0,0,1.0,286,19067,6.667
2026-09-30,구매 전환 캠페인,올리브오일 단독_0507,[B74] 올리브오일_이미지D_0922,9,3,3,0,0,0,0,1.0,0,3000,0.0
2026-10-02,구매 전환 캠페인,올리브오일 단독_0507,[B74] 올리브오일_이미지D_0922,174,14,14,2,2,0,0,1.0,87,12429,14.286
2026-10-04,구매 전환 캠페인,올리브오일 단독_0507,[B74] 올리브오일_이미지D_0922,127,6,7,0,0,0,0,1.167,0,18143,0.0
2026-10-05,구매 전환 캠페인,올리브오일 단독_0507,[B74] 올리브오일_이미지D_0922,1379,60,65,2,3,0,0,1.083,690,21215,3.077
2026-10-06,구매 전환 캠페인,올리브오일 단독_0507,[B74] 올리브오일_이미지D_0922,492,30,31,1,1,0,0,1.033,492,15871,3.226
2026-10-07,구매 전환 캠페인,올리브오일 단독_0507,[B74] 올리브오일_이미지D_0922,316,13,13,0,0,0,0,1.0,0,24308,0.0
2026-10-08,구매 전환 캠페인,올리브오일 단독_0507,[B74] 올리브오일_이미지D_0922,120,8,8,0,0,0,0,1.0,0,15000,0.0
2026-09-15,구매 전환 캠페인,올리브오일 단독_0507,[B75] 올리브오일B_윤디,409,25,25,0,0,0,0,1.0,0,16360,0.0
2026-09-16,구매 전환 캠페인,올리브오일 단독_0507,[B75] 올리브오일B_윤디,23418,555,658,28,28,4,99500,1.186,836,35590,4.255
2026-09-17,구매 전환 캠페인,올리브오일 단독_0507,[B75] 올리브오일B_윤디,18950,461,504,20,20,1,17910,1.093,948,37599,3.968
2026-09-18,구매 전환 캠페인,올리브오일 단독_0507,[B75] 올리브오일B_윤디,11046,243,262,13,11,3,59700,1.078,850,42160,4.962
2026-09-19,구매 전환 캠페인,올리브오일 단독_0507,[B75] 올리브오일B_윤디,21494,547,599,23,22,3,59700,1.095,935,35883,3.84
2026-09-20,구매 전환 캠페인,올리브오일 단독_0507,[B75] 올리브오일B_윤디,23869,603,700,31,30,1,19900,1.161,770,34099,4.429
2026-09-21,구매 전환 캠페인,올리브오일 단독_0507,[B75] 올리브오일B_윤디,19670,481,539,19,20,2,39800,1.121,1035,36494,3.525
2026-09-22,구매 전환 캠페인,올리브오일 단독_0507,[B75] 올리브오일B_윤디,8667,243,265,7,4,1,59700,1.091,1238,32706,2.642
2026-09-23,구매 전환 캠페인,올리브오일 단독_0507,[B75] 올리브오일B_윤디,71,3,3,0,0,0,0,1.0,0,23667,0.0
2026-09-24,구매 전환 캠페인,올리브오일 단독_0507,[B75] 올리브오일B_윤디,233,10,10,0,0,0,0,1.0,0,23300,0.0
2026-09-27,구매 전환 캠페인,올리브오일 단독_0507,[B75] 올리브오일B_윤디,1058,25,29,3,3,1,68130,1.16,353,36483,10.345
2026-09-28,구매 전환 캠페인,올리브오일 단독_0507,[B75] 올리브오일B_윤디,428,16,16,2,2,0,0,1.0,214,26750,12.5
2026-09-29,구매 전환 캠페인,올리브오일 단독_0507,[B75] 올리브오일B_윤디,134,8,8,1,1,0,0,1.0,134,16750,12.5
2026-09-30,구매 전환 캠페인,올리브오일 단독_0507,[B75] 올리브오일B_윤디,208,10,10,0,0,0,0,1.0,0,20800,0.0
2026-10-02,구매 전환 캠페인,올리브오일 단독_0507,[B75] 올리브오일B_윤디,850,11,12,2,2,0,0,1.091,425,70833,16.667
2026-10-03,구매 전환 캠페인,올리브오일 단독_0507,[B75] 올리브오일B_윤디,4001,144,157,9,8,0,0,1.09,445,25484,5.732
2026-10-04,구매 전환 캠페인,올리브오일 단독_0507,[B75] 올리브오일B_윤디,11974,378,411,21,20,0,0,1.087,570,29134,5.109
2026-10-05,구매 전환 캠페인,올리브오일 단독_0507,[B75] 올리브오일B_윤디,1784,77,85,1,1,0,0,1.104,1784,20988,1.176
2026-10-06,구매 전환 캠페인,올리브오일 단독_0507,[B75] 올리브오일B_윤디,777,37,39,2,2,1,47880,1.054,388,19923,5.128
2026-10-07,구매 전환 캠페인,올리브오일 단독_0507,[B75] 올리브오일B_윤디,165,3,3,0,0,0,0,1.0,0,55000,0.0
2026-10-08,구매 전환 캠페인,올리브오일 단독_0507,[B75] 올리브오일B_윤디,1846,69,74,2,1,0,0,1.072,923,24946,2.703
2026-10-09,구매 전환 캠페인,올리브오일 단독_0507,[B75] 올리브오일B_윤디,3174,99,104,5,5,1,47880,1.051,635,30519,4.808
2026-09-12,구매 전환 캠페인,코큐텐 단독_0904,[B72] 코큐텐_뮤즈_0904,285,8,8,0,0,0,0,1.0,0,35625,0.0
2026-09-15,구매 전환 캠페인,코큐텐 단독_0904,[B72] 코큐텐_뮤즈_0904,379,12,15,0,0,0,0,1.25,0,25267,0.0
2026-09-17,구매 전환 캠페인,코큐텐 단독_0904,[B72] 코큐텐_뮤즈_0904,777,18,18,1,1,0,0,1.0,777,43167,5.556
2026-09-18,구매 전환 캠페인,코큐텐 단독_0904,[B72] 코큐텐_뮤즈_0904,47,1,1,0,0,0,0,1.0,0,47000,0.0
2026-09-19,구매 전환 캠페인,코큐텐 단독_0904,[B72] 코큐텐_뮤즈_0904,176,5,7,1,1,0,0,1.4,176,25143,14.286
2026-09-20,구매 전환 캠페인,코큐텐 단독_0904,[B72] 코큐텐_뮤즈_0904,423,21,25,0,0,0,0,1.19,0,16920,0.0
2026-09-22,구매 전환 캠페인,코큐텐 단독_0904,[B72] 코큐텐_뮤즈_0904,232,9,9,0,0,0,0,1.0,0,25778,0.0
2026-09-24,구매 전환 캠페인,코큐텐 단독_0904,[B72] 코큐텐_뮤즈_0904,186,7,7,1,1,0,0,1.0,186,26571,14.286
2026-09-27,구매 전환 캠페인,코큐텐 단독_0904,[B72] 코큐텐_뮤즈_0904,3,1,1,0,0,0,0,1.0,0,3000,0.0
2026-09-28,구매 전환 캠페인,코큐텐 단독_0904,[B72] 코큐텐_뮤즈_0904,21,3,3,0,0,0,0,1.0,0,7000,0.0
2026-09-29,구매 전환 캠페인,코큐텐 단독_0904,[B72] 코큐텐_뮤즈_0904,32,3,3,0,0,0,0,1.0,0,10667,0.0
2026-09-30,구매 전환 캠페인,코큐텐 단독_0904,[B72] 코큐텐_뮤즈_0904,248,12,12,1,1,0,0,1.0,248,20667,8.333
2026-10-02,구매 전환 캠페인,코큐텐 단독_0904,[B72] 코큐텐_뮤즈_0904,115,5,5,0,0,0,0,1.0,0,23000,0.0
2026-10-03,구매 전환 캠페인,코큐텐 단독_0904,[B72] 코큐텐_뮤즈_0904,15,1,1,0,0,0,0,1.0,0,15000,0.0
2026-10-04,구매 전환 캠페인,코큐텐 단독_0904,[B72] 코큐텐_뮤즈_0904,7784,327,410,7,6,0,0,1.254,1112,18985,1.707
2026-10-05,구매 전환 캠페인,코큐텐 단독_0904,[B72] 코큐텐_뮤즈_0904,9418,333,422,15,13,0,0,1.267,628,22318,3.555
2026-10-06,구매 전환 캠페인,코큐텐 단독_0904,[B72] 코큐텐_뮤즈_0904,459,19,29,3,3,0,0,1.526,153,15828,10.345
2026-10-07,구매 전환 캠페인,코큐텐 단독_0904,[B72] 코큐텐_뮤즈_0904,216,6,12,0,0,0,0,2.0,0,18000,0.0
2026-09-11,구매 전환 캠페인,코큐텐 단독_0904,[B72] 코큐텐_이미지A_0904,23688,1507,1710,38,37,3,77610,1.135,623,13853,2.222
2026-09-12,구매 전환 캠페인,코큐텐 단독_0904,[B72] 코큐텐_이미지A_0904,29011,1641,1847,41,37,3,77610,1.126,708,15707,2.22
2026-09-13,구매 전환 캠페인,코큐텐 단독_0904,[B72] 코큐텐_이미지A_0904,7540,492,495,14,13,2,39800,1.006,539,15232,2.828
2026-09-14,구매 전환 캠페인,코큐텐 단독_0904,[B72] 코큐텐_이미지A_0904,20637,1297,1509,48,45,3,59700,1.163,430,13676,3.181
2026-09-15,구매 전환 캠페인,코큐텐 단독_0904,[B72] 코큐텐_이미지A_0904,50112,2551,3042,57,51,6,143300,1.192,879,16473,1.874
2026-09-16,구매 전환 캠페인,코큐텐 단독_0904,[B72] 코큐텐_이미지A_0904,61760,3519,4081,94,84,7,179100,1.16,657,15134,2.303
2026-09-17,구매 전환 캠페인,코큐텐 단독_0904,[B72] 코큐텐_이미지A_0904,59037,2995,3525,93,91,8,159200,1.177,635,16748,2.638
2026-09-18,구매 전환 캠페인,코큐텐 단독_0904,[B72] 코큐텐_이미지A_0904,57491,2611,3174,68,62,6,123400,1.216,845,18113,2.142
2026-09-19,구매 전환 캠페인,코큐텐 단독_0904,[B72] 코큐텐_이미지A_0904,63468,2989,3442,92,83,12,305700,1.152,690,18439,2.673
2026-09-20,구매 전환 캠페인,코큐텐 단독_0904,[B72] 코큐텐_이미지A_0904,71574,3579,4272,88,85,5,99500,1.194,813,16754,2.06
2026-09-21,구매 전환 캠페인,코큐텐 단독_0904,[B72] 코큐텐_이미지A_0904,49517,2612,3096,69,67,8,216930,1.185,718,15994,2.229
2026-09-22,구매 전환 캠페인,코큐텐 단독_0904,[B72] 코큐텐_이미지A_0904,41471,2411,2794,49,46,3,59700,1.159,846,14843,1.754
2026-09-23,구매 전환 캠페인,코큐텐 단독_0904,[B72] 코큐텐_이미지A_0904,23075,1203,1412,29,26,5,117410,1.174,796,16342,2.054
2026-09-24,구매 전환 캠페인,코큐텐 단독_0904,[B72] 코큐텐_이미지A_0904,16308,878,1068,32,28,0,0,1.216,510,15270,2.996
2026-09-25,구매 전환 캠페인,코큐텐 단독_0904,[B72] 코큐텐_이미지A_0904,6116,323,369,10,10,2,59700,1.142,612,16575,2.71
2026-09-26,구매 전환 캠페인,코큐텐 단독_0904,[B72] 코큐텐_이미지A_0904,9075,506,576,12,12,2,59700,1.138,756,15755,2.083
2026-09-27,구매 전환 캠페인,코큐텐 단독_0904,[B72] 코큐텐_이미지A_0904,8120,535,637,16,13,0,0,1.191,508,12747,2.512
2026-09-28,구매 전환 캠페인,코큐텐 단독_0904,[B72] 코큐텐_이미지A_0904,5946,414,494,17,16,1,47800,1.193,350,12036,3.441
2026-09-29,구매 전환 캠페인,코큐텐 단독_0904,[B72] 코큐텐_이미지A_0904,6546,371,454,7,7,2,35890,1.224,935,14419,1.542
2026-09-30,구매 전환 캠페인,코큐텐 단독_0904,[B72] 코큐텐_이미지A_0904,5305,372,423,17,18,1,23940,1.137,312,12541,4.019
2026-10-01,구매 전환 캠페인,코큐텐 단독_0904,[B72] 코큐텐_이미지A_0904,4932,347,391,12,9,0,0,1.127,411,12614,3.069
2026-10-02,구매 전환 캠페인,코큐텐 단독_0904,[B72] 코큐텐_이미지A_0904,6905,527,605,11,10,0,0,1.148,628,11413,1.818
2026-10-03,구매 전환 캠페인,코큐텐 단독_0904,[B72] 코큐텐_이미지A_0904,6830,484,560,18,17,0,0,1.157,379,12196,3.214
2026-10-04,구매 전환 캠페인,코큐텐 단독_0904,[B72] 코큐텐_이미지A_0904,2154,177,191,5,5,0,0,1.079,431,11277,2.618
2026-10-05,구매 전환 캠페인,코큐텐 단독_0904,[B72] 코큐텐_이미지A_0904,10668,849,943,34,30,0,0,1.111,314,11313,3.606
2026-10-06,구매 전환 캠페인,코큐텐 단독_0904,[B72] 코큐텐_이미지A_0904,18014,1193,1522,39,36,1,23940,1.276,462,11836,2.562
2026-10-07,구매 전환 캠페인,코큐텐 단독_0904,[B72] 코큐텐_이미지A_0904,14071,926,1138,39,38,4,87730,1.229,361,12365,3.427
2026-10-08,구매 전환 캠페인,코큐텐 단독_0904,[B72] 코큐텐_이미지A_0904,18814,1010,1230,45,42,0,0,1.218,418,15296,3.659
2026-10-09,구매 전환 캠페인,코큐텐 단독_0904,[B72] 코큐텐_이미지A_0904,15543,721,856,24,24,2,37302,1.187,648,18158,2.804
2026-09-11,구매 전환 캠페인,코큐텐 단독_0904,[B72] 코큐텐_이미지D_0904,51498,2395,2660,70,64,5,99500,1.111,736,19360,2.632
2026-09-12,구매 전환 캠페인,코큐텐 단독_0904,[B72] 코큐텐_이미지D_0904,41445,1980,2195,56,56,3,59700,1.109,740,18882,2.551
2026-09-13,구매 전환 캠페인,코큐텐 단독_0904,[B72] 코큐텐_이미지D_0904,15672,724,756,20,20,1,19900,1.044,784,20730,2.646
2026-09-14,구매 전환 캠페인,코큐텐 단독_0904,[B72] 코큐텐_이미지D_0904,25923,1410,1546,38,39,2,54730,1.096,682,16768,2.458
2026-09-15,구매 전환 캠페인,코큐텐 단독_0904,[B72] 코큐텐_이미지D_0904,36480,1545,1772,48,46,1,19900,1.147,760,20587,2.709
2026-09-16,구매 전환 캠페인,코큐텐 단독_0904,[B72] 코큐텐_이미지D_0904,16277,804,851,31,29,4,123400,1.058,525,19127,3.643
2026-09-17,구매 전환 캠페인,코큐텐 단독_0904,[B72] 코큐텐_이미지D_0904,21057,947,1031,31,29,1,19900,1.089,679,20424,3.007
2026-09-18,구매 전환 캠페인,코큐텐 단독_0904,[B72] 코큐텐_이미지D_0904,14755,575,613,21,21,2,39800,1.066,703,24070,3.426
2026-09-19,구매 전환 캠페인,코큐텐 단독_0904,[B72] 코큐텐_이미지D_0904,8789,422,457,13,14,0,0,1.083,676,19232,2.845
2026-09-20,구매 전환 캠페인,코큐텐 단독_0904,[B72] 코큐텐_이미지D_0904,7755,375,391,13,13,0,0,1.043,597,19834,3.325
2026-09-21,구매 전환 캠페인,코큐텐 단독_0904,[B72] 코큐텐_이미지D_0904,18984,1081,1199,33,31,2,57710,1.109,575,15833,2.752
2026-09-22,구매 전환 캠페인,코큐텐 단독_0904,[B72] 코큐텐_이미지D_0904,6681,366,383,13,11,0,0,1.046,514,17444,3.394
2026-09-23,구매 전환 캠페인,코큐텐 단독_0904,[B72] 코큐텐_이미지D_0904,15613,788,897,26,23,0,0,1.138,600,17406,2.899
2026-09-24,구매 전환 캠페인,코큐텐 단독_0904,[B72] 코큐텐_이미지D_0904,11634,527,580,18,17,0,0,1.101,646,20059,3.103
2026-09-25,구매 전환 캠페인,코큐텐 단독_0904,[B72] 코큐텐_이미지D_0904,10833,502,558,16,16,1,19900,1.112,677,19414,2.867
2026-09-11,구매 전환 캠페인,코큐텐 단독_0904,[B72] 코큐텐_채아_0904,74,2,3,0,0,0,0,1.5,0,24667,0.0
2026-09-13,구매 전환 캠페인,코큐텐 단독_0904,[B72] 코큐텐_채아_0904,22,1,1,0,0,0,0,1.0,0,22000,0.0
2026-09-15,구매 전환 캠페인,코큐텐 단독_0904,[B72] 코큐텐_초보뷰티_0904,101,6,7,0,0,0,0,1.167,0,14429,0.0
2026-09-16,구매 전환 캠페인,코큐텐 단독_0904,[B72] 코큐텐_초보뷰티_0904,19,1,1,0,0,0,0,1.0,0,19000,0.0
2026-09-18,구매 전환 캠페인,코큐텐 단독_0904,[B72] 코큐텐_초보뷰티_0904,35,3,3,0,0,0,0,1.0,0,11667,0.0
2026-09-20,구매 전환 캠페인,코큐텐 단독_0904,[B72] 코큐텐_초보뷰티_0904,105,6,6,0,0,0,0,1.0,0,17500,0.0
2026-09-23,구매 전환 캠페인,코큐텐 단독_0904,[B72] 코큐텐_초보뷰티_0904,39,4,4,0,0,0,0,1.0,0,9750,0.0
2026-09-28,구매 전환 캠페인,코큐텐 단독_0904,[B72] 코큐텐_초보뷰티_0904,3,1,1,0,0,0,0,1.0,0,3000,0.0
